{
    "2": [
        [
            28.077308086958976,
            -82.4657049034162
        ]
    ],
    "1": [
        [
            28.077308113002232,
            -82.4657048686136
        ]
    ]
}